social_sustainability,economic_sustainability,overall_sustainability,final_farmers_pct,mean_displacement_rate,land_appreciation_pct,final_gini,production_retention_pct,mean_volatility,regime,protection_index,regime_abm1,policy_scenario,replication
48.95,19.13394131158126,19.041970655790635,0.0,3.4999999999999996,2233.4856937374407,0.0,0.0,0.04330293442093709,moderate,0.0,MODERATE,no_protection,0
48.989999999999995,19.147051834590666,19.068525917295332,0.0,3.3666666666666663,2132.5338701269034,0.0,0.0,0.04264740827046669,moderate,0.0,MODERATE,no_protection,1
49.01,19.15620843129366,19.083104215646827,0.0,3.3000000000000003,2053.6271893075136,0.0,0.0,0.04218957843531697,moderate,0.0,MODERATE,no_protection,2
49.03,19.15157277580595,19.090786387902973,0.0,3.233333333333334,2094.54632426711,0.0,0.0,0.042421361209702475,moderate,0.0,MODERATE,no_protection,3
49.074999999999996,19.155309392242064,19.11515469612103,0.0,3.0833333333333335,2064.8071398734496,0.0,0.0,0.042234530387896776,moderate,0.0,MODERATE,no_protection,4
49.095,19.174295341737274,19.134647670868638,0.0,3.0166666666666666,1917.2929446788776,0.0,0.0,0.041285232913136335,moderate,0.0,MODERATE,no_protection,5
48.995,19.157933057758413,19.07646652887921,0.0,3.35,2045.8143535455406,0.0,0.0,0.042103347112079456,moderate,0.0,MODERATE,no_protection,6
48.9875,19.158447714932166,19.07297385746608,0.0,3.375000000000001,2043.0647861805728,0.0,0.0,0.04207761425339187,moderate,0.0,MODERATE,no_protection,7
48.932500000000005,19.142298044413167,19.037399022206586,0.0,3.5583333333333336,2168.6098579544887,0.0,0.0,0.04288509777934169,moderate,0.0,MODERATE,no_protection,8
49.037499999999994,19.16142309732452,19.099461548662255,0.0,3.208333333333333,2013.8753826403104,0.0,0.0,0.04192884513377409,moderate,0.0,MODERATE,no_protection,9
49.065,19.146685045309464,19.105842522654733,0.0,3.1166666666666667,2134.116303761325,0.0,0.0,0.04266574773452691,moderate,0.0,MODERATE,no_protection,10
49.2125,19.14618419764262,19.17934209882131,0.0,2.6250000000000004,2133.7362906975704,0.0,0.0,0.042690790117869096,moderate,0.0,MODERATE,no_protection,11
48.9925,19.161499182477186,19.07699959123859,0.0,3.3583333333333334,2018.4084197401223,0.0,0.0,0.04192504087614073,moderate,0.0,MODERATE,no_protection,12
48.975,19.169959918918604,19.0724799594593,0.0,3.4166666666666665,1952.0614981609356,0.0,0.0,0.041502004054069876,moderate,0.0,MODERATE,no_protection,13
49.082499999999996,19.159608233861423,19.121054116930708,0.0,3.0583333333333336,2035.9099520344994,0.0,0.0,0.042019588306929,moderate,0.0,MODERATE,no_protection,14
49.0325,19.15130239838817,19.091901199194083,0.0,3.225,2094.0216342228923,0.0,0.0,0.042434880080591646,moderate,0.0,MODERATE,no_protection,15
48.989999999999995,19.188332301042855,19.08916615052142,0.0,3.366666666666667,1822.8693215439193,0.0,0.0,0.04058338494785734,moderate,0.0,MODERATE,no_protection,16
48.980000000000004,19.156962421848394,19.068481210924197,0.0,3.4000000000000004,2055.4224000482714,0.0,0.0,0.0421518789075803,moderate,0.0,MODERATE,no_protection,17
48.9975,19.1380485909421,19.067774295471054,0.0,3.3416666666666663,2205.2688828442087,0.0,0.0,0.043097570452895105,moderate,0.0,MODERATE,no_protection,18
49.08,19.161140734465413,19.120570367232702,0.0,3.0666666666666673,2025.7910899838532,0.0,0.0,0.04194296327672942,moderate,0.0,MODERATE,no_protection,19
49.035,19.178680326527765,19.106840163263882,0.0,3.2166666666666663,1891.8059170957565,0.0,0.0,0.041065983673611896,moderate,0.0,MODERATE,no_protection,20
49.07249999999999,19.15520618024582,19.113853090122902,0.0,3.091666666666667,2063.761465470665,0.0,0.0,0.04223969098770894,moderate,0.0,MODERATE,no_protection,21
48.9875,19.139697760157894,19.063598880078942,0.0,3.375000000000001,2188.94368864737,0.0,0.0,0.043015111992105476,moderate,0.0,MODERATE,no_protection,22
49.07749999999999,19.18188545786656,19.12969272893328,0.0,3.075,1865.0111056033022,0.0,0.0,0.04090572710667203,moderate,0.0,MODERATE,no_protection,23
49.02,19.147876505848913,19.083938252924455,0.0,3.266666666666666,2121.881699516858,0.0,0.0,0.042606174707554435,moderate,0.0,MODERATE,no_protection,24
48.9675,19.144679998585424,19.05608999929271,0.0,3.4416666666666673,2147.8060243324826,0.0,0.0,0.04276600007072884,moderate,0.0,MODERATE,no_protection,25
49.0025,19.16675611776786,19.08462805888393,0.0,3.325,1975.0665379081076,0.0,0.0,0.041662194111606994,moderate,0.0,MODERATE,no_protection,26
48.965,19.146252526436474,19.055626263218237,0.0,3.45,2135.7386273207544,0.0,0.0,0.04268737367817634,moderate,0.0,MODERATE,no_protection,27
49.120000000000005,19.157828052163094,19.13891402608155,0.0,2.9333333333333336,2046.097370723035,0.0,0.0,0.04210859739184534,moderate,0.0,MODERATE,no_protection,28
49.0875,19.14114009463731,19.114320047318657,0.0,3.041666666666667,2175.5592797173185,0.0,0.0,0.04294299526813437,moderate,0.0,MODERATE,no_protection,29
49.05225935054142,34.12063113688636,26.58644524371389,20.0,2.375,1948.1709646729662,0.5117620324729293,17.377908405486696,0.041526611265415805,moderate,0.27,MODERATE,weak_protection,0
51.95758348739592,36.395205005389656,29.17639424639279,20.0,2.6333333333333333,1861.8757188292002,0.3626208256302037,23.033769940208188,0.040915148534681034,moderate,0.27,MODERATE,weak_protection,1
51.40162026259456,36.56420385034987,28.982912056472216,20.0,2.8000000000000003,1775.2165454240424,0.38791898687027193,23.42468820173357,0.04028357151717778,moderate,0.27,MODERATE,weak_protection,2
52.011097766193735,33.695035238056136,27.853066502124932,20.0,2.7833333333333337,1774.8791561528399,0.3576951116903129,16.252040389893615,0.04028904589506568,moderate,0.27,MODERATE,weak_protection,3
53.219928554905295,39.72109732361616,31.47051293926073,20.0,2.7583333333333333,1898.2410443844706,0.29762857225473516,31.36115450149528,0.04116822384909731,moderate,0.27,MODERATE,weak_protection,4
51.948138377005,34.62273877225753,28.285438574631264,20.0,2.8666666666666667,1885.0988586829044,0.3595930811497501,18.61110515031454,0.04108516439341444,moderate,0.27,MODERATE,weak_protection,5
50.796219191193515,38.91532819786191,29.855773694527713,20.0,2.6583333333333337,1832.6209840784038,0.42031404044032405,29.323817428731886,0.04070993868154247,moderate,0.27,MODERATE,weak_protection,6
54.28511191994936,35.95193201310077,30.118521966525066,20.0,3.0583333333333336,1981.0708328633204,0.23986940400253198,21.969009862435364,0.04178359659366895,moderate,0.27,MODERATE,weak_protection,7
49.98341824690049,35.154077588917254,27.568747917908873,20.0,2.8583333333333334,1758.168314246086,0.4579540876549755,19.892195391232068,0.04014002837877873,moderate,0.27,MODERATE,weak_protection,8
51.47284303176197,35.951098142174274,28.71197058696812,20.0,3.0500000000000003,1816.2844260106783,0.38060784841190176,21.906740843424828,0.040579909759783,moderate,0.27,MODERATE,weak_protection,9
50.37551438500314,36.86296251666138,28.619238450832263,20.0,3.066666666666667,1799.2554534008384,0.435224280749843,24.180299202403926,0.04045785821500956,moderate,0.27,MODERATE,weak_protection,10
53.96029011890898,38.36958318507829,31.164936651993635,20.0,2.9583333333333335,1878.3139997471078,0.25761049405455094,27.975698465767596,0.0410348100614375,moderate,0.27,MODERATE,weak_protection,11
53.65692353738574,34.60777933129981,29.132351434342773,20.0,2.9000000000000004,1822.5795437191632,0.27365382313071285,18.551810777541085,0.04064724898583156,moderate,0.27,MODERATE,weak_protection,12
51.276200929446674,35.87366574577823,28.57493333761245,20.0,2.9750000000000005,1841.3415162303725,0.3915649535276664,21.72354089473015,0.040787530605691596,moderate,0.27,MODERATE,weak_protection,13
51.30637420146359,35.0641044964076,28.185239348935596,20.0,3.066666666666667,1845.496342711501,0.3886812899268204,19.70059492962005,0.040806673772020935,moderate,0.27,MODERATE,weak_protection,14
52.51329226835702,35.5692891999526,29.041290734154813,20.0,2.5749999999999997,1885.1335612897096,0.3357103865821487,20.97793891533046,0.0410943183089791,moderate,0.27,MODERATE,weak_protection,15
47.0570740235535,34.966072264529515,26.011573144041506,20.0,3.0833333333333335,1875.039294259954,0.600896298822325,19.465255000076933,0.041001486775063066,moderate,0.27,MODERATE,weak_protection,16
49.59624037539973,38.24764469674926,28.921942536074496,20.0,2.7083333333333335,1835.0113384927465,0.4795629812300133,27.65352584705042,0.04068828210354565,moderate,0.27,MODERATE,weak_protection,17
52.15952295048345,33.42951730505423,27.79452012776884,20.0,2.9083333333333337,1741.4658061646342,0.34839885247582725,15.576216048442845,0.040048455716145535,moderate,0.27,MODERATE,weak_protection,18
50.42688965316902,34.813040850664436,27.619965251916724,20.0,2.7333333333333334,1737.316769280989,0.43765551734154906,19.033592458269414,0.040019806632166845,moderate,0.27,MODERATE,weak_protection,19
55.23878335737861,37.78825165820011,31.51351750778936,20.0,2.5500000000000007,1769.857115137829,0.19981083213106987,26.48460064824706,0.040279430054935984,moderate,0.27,MODERATE,weak_protection,20
53.64330993591459,32.2734617164342,27.958385826174393,20.0,3.025,1944.7844428183075,0.2724595032042709,12.757585415538642,0.041478622489063234,moderate,0.27,MODERATE,weak_protection,21
52.35894500271213,34.11017211840458,28.234558560558355,20.0,2.941666666666667,1884.997597549826,0.3379277498643938,17.3287671783543,0.04106673764685742,moderate,0.27,MODERATE,weak_protection,22
50.723801833840454,36.04227379661491,28.38303781522768,20.0,2.5166666666666666,1847.7875301932545,0.42605990830797724,22.148015583738985,0.040846621844034633,moderate,0.27,MODERATE,weak_protection,23
52.479531264401885,33.63680466660555,28.058167965503714,20.0,3.25,1964.8165377483065,0.32727343677990617,16.17329796685816,0.041625726006885876,moderate,0.27,MODERATE,weak_protection,24
52.809769808269834,33.784422795735644,28.297096302002743,20.0,2.7500000000000004,1800.8589243045308,0.31826150958650823,16.48524672590123,0.04048379473124263,moderate,0.27,MODERATE,weak_protection,25
51.807058608713234,35.80188237100403,28.80447048985863,20.0,2.783333333333333,1868.4875580978935,0.36789706956433776,21.553834634565085,0.04098257414110073,moderate,0.27,MODERATE,weak_protection,26
52.195503406511165,33.303205043467415,27.74935422498929,20.0,2.416666666666667,1830.1100510862373,0.35397482967444227,15.292251328537517,0.04068477439737998,moderate,0.27,MODERATE,weak_protection,27
54.46289218260791,35.26761272517065,29.865252453889283,20.0,2.9166666666666665,1846.3293169764447,0.23310539086960458,20.211095490190377,0.04084127354527504,moderate,0.27,MODERATE,weak_protection,28
52.66480486009996,36.84420220714318,29.754503533621573,20.0,2.5,1901.4801393146822,0.329259756995002,24.171059529527103,0.04121108023338344,moderate,0.27,MODERATE,weak_protection,29
61.14548182913122,48.55403214811471,39.849756988622964,40.0,2.2666666666666666,1349.5802099684965,0.40872590854343915,33.22530994601959,0.036804591514656634,moderate,0.54,MODERATE,moderate_protection,0
62.62198436369257,54.13477181700655,43.37837809034956,40.0,2.75,1306.3454236324533,0.32765078181537133,47.15627179145822,0.03638684497883723,moderate,0.54,MODERATE,moderate_protection,1
64.46002232983679,51.14083573114229,42.80042903048954,40.0,2.325,1345.7284329410004,0.24212388350816072,39.6905152394684,0.03676851823225382,moderate,0.54,MODERATE,moderate_protection,2
61.45114056292703,56.73256742606422,44.09185399449562,40.0,2.2916666666666674,1305.7604055750994,0.3930679718536485,53.65065391180226,0.03638470693283448,moderate,0.54,MODERATE,moderate_protection,3
63.34636126015449,53.790051651459194,43.568206455806845,40.0,2.233333333333334,1348.065846761179,0.29918193699227547,46.31492089718067,0.036795835370654326,moderate,0.54,MODERATE,moderate_protection,4
61.03624716526344,52.66274478229851,41.849495973780975,40.0,2.2250000000000005,1357.3243457933702,0.41481264173682786,43.50093143682326,0.03688138962153968,moderate,0.54,MODERATE,moderate_protection,5
63.225139015124995,51.45634234091773,42.34074067802136,40.0,2.4916666666666667,1354.2295546539194,0.30136804924375027,40.48304092663787,0.03684370148687142,moderate,0.54,MODERATE,moderate_protection,6
61.6412851471434,52.27918674739031,41.96023594726685,40.0,2.591666666666667,1312.9236364932576,0.37906074264282985,42.520164056962855,0.03644394376974194,moderate,0.54,MODERATE,moderate_protection,7
62.43711274851219,51.18590184450938,41.81150729651078,40.0,2.700000000000001,1332.9890897023006,0.33764436257439034,39.798049598675064,0.0366658997480325,moderate,0.54,MODERATE,moderate_protection,8
61.105062336388826,50.509501821590234,40.80728207898953,40.0,2.1749999999999994,1329.6311063373998,0.41212188318055865,38.10493548640038,0.036623618648496024,moderate,0.54,MODERATE,moderate_protection,9
61.67845281368889,54.43226041393032,43.05535661380961,40.0,2.0500000000000003,1310.469251150336,0.3853273593155555,47.90190943459003,0.03642516799528498,moderate,0.54,MODERATE,moderate_protection,10
60.182590866073156,51.71738448805045,40.9499876770618,40.0,2.4166666666666674,1347.738439589426,0.4546204566963423,41.13275073758498,0.036785790349177026,moderate,0.54,MODERATE,moderate_protection,11
61.772904052153386,51.42987777908635,41.60139091561987,40.0,2.283333333333333,1338.5101688538944,0.3771047973923307,40.410155591674744,0.03670922287917811,moderate,0.54,MODERATE,moderate_protection,12
62.59618797147517,50.272000596296834,41.434094283886,40.0,2.4083333333333337,1373.589676527081,0.33406560142624175,37.5312540285206,0.03702505075557047,moderate,0.54,MODERATE,moderate_protection,13
60.13180910070352,52.804806805242436,41.46830795297298,40.0,2.1166666666666667,1264.8438351441084,0.46165954496482375,43.81042386410904,0.03596813702005921,moderate,0.54,MODERATE,moderate_protection,14
63.86296467007868,49.600976586979634,41.731970628529155,40.0,2.5583333333333336,1321.5757507588628,0.2684767664960661,35.828897514416205,0.03652912093934269,moderate,0.54,MODERATE,moderate_protection,15
60.35753182834234,50.705057882848116,40.53129485559523,40.0,2.2750000000000004,1344.2822268593343,0.44799840858288276,38.60056915357612,0.036758488929116845,moderate,0.54,MODERATE,moderate_protection,16
63.03234503854029,51.02133074906797,42.02683789380413,40.0,2.558333333333334,1317.9450019998098,0.3100077480729855,39.37795338053574,0.03649253015731683,moderate,0.54,MODERATE,moderate_protection,17
64.01757906846196,55.422075724590826,44.71982739652639,40.0,2.2750000000000004,1361.7554360261454,0.2649960465769019,50.40190862824127,0.03693438633528485,moderate,0.54,MODERATE,moderate_protection,18
60.54393762162851,54.512814978361,42.528376299994754,40.0,2.7583333333333333,1374.1823328884943,0.43142811891857447,48.13459334741764,0.037051118030303004,moderate,0.54,MODERATE,moderate_protection,19
61.95025977978092,51.711637522047624,41.83094865091427,40.0,2.366666666666667,1369.0485700646511,0.3669870110109539,41.12812944732203,0.036980712844059765,moderate,0.54,MODERATE,moderate_protection,20
63.548001311021025,53.77184434733088,43.659922829175954,40.0,2.4083333333333337,1380.4489840013684,0.286474934448949,46.284899259017024,0.03710576781379702,moderate,0.54,MODERATE,moderate_protection,21
61.891022963479024,53.93076755381392,42.91089525864648,40.0,2.5250000000000004,1327.3204910112336,0.36757385182604896,46.656263487585086,0.036586892061005995,moderate,0.54,MODERATE,moderate_protection,22
61.67704052449957,51.54166394530428,41.60935223490192,40.0,2.3166666666666673,1323.5690618534156,0.38139797377502127,40.68221043989762,0.03656101153273857,moderate,0.54,MODERATE,moderate_protection,23
60.232677061722995,50.913302994699976,40.572990028211485,40.0,2.3000000000000007,1345.4375157000986,0.4538661469138503,39.12229212350023,0.03678069273500597,moderate,0.54,MODERATE,moderate_protection,24
63.468597026015,52.06799861458869,42.76829782030184,40.0,2.3833333333333333,1367.3223270838998,0.2908201486992501,42.01984876468069,0.036997044564179835,moderate,0.54,MODERATE,moderate_protection,25
63.16738778006851,49.67659782299724,41.42199280153287,40.0,2.2083333333333335,1388.6817281315134,0.3085056109965747,36.04898234754439,0.03714975580102638,moderate,0.54,MODERATE,moderate_protection,26
62.774656376082675,49.74358047889451,41.25911842748859,40.0,2.616666666666667,1417.3900311175887,0.32201718119586586,36.230969760100166,0.03744037125727817,moderate,0.54,MODERATE,moderate_protection,27
61.56301964557179,51.27148617724376,41.41725291140777,40.0,2.2250000000000005,1345.6610293806746,0.3884740177214103,40.01794089310867,0.036784508999985956,moderate,0.54,MODERATE,moderate_protection,28
63.40197576947719,47.14358645122293,40.27278111035006,40.0,2.3083333333333336,1324.378224462356,0.2952762115261405,29.68706784635213,0.036562034365896334,moderate,0.54,MODERATE,moderate_protection,29
68.17140243775991,57.147903146523035,47.65965279214147,50.0,1.8083333333333333,1137.7161312632873,0.3143048781120046,44.603552614606514,0.0346758949659789,moderate,0.64,MODERATE,strong_protection,0
69.33240498700538,61.33069624104871,50.33155061402704,50.0,2.0666666666666664,1115.386290506996,0.2523797506497307,55.04559019240668,0.034376991795698,moderate,0.64,MODERATE,strong_protection,1
68.95858942693184,58.84927531023777,48.903932368584805,50.0,1.9416666666666669,1127.0054859284414,0.27294552865340793,48.85001700348192,0.03453657455775017,moderate,0.64,MODERATE,strong_protection,2
66.41041168356031,57.720953254937655,47.06568246924898,50.0,2.0333333333333337,1147.6530536348362,0.3989794158219848,46.04095492872167,0.03477143582755095,moderate,0.64,MODERATE,strong_protection,3
67.15322673541037,58.727129742939354,47.94017823917486,50.0,1.7750000000000001,1127.14325013317,0.36571366322948173,48.544213635161206,0.03452778555625632,moderate,0.64,MODERATE,strong_protection,4
67.78639139219761,56.20702924841187,46.99671032030474,50.0,1.966666666666667,1104.371830889189,0.33118043039011913,42.231310482677685,0.03427474723296007,moderate,0.64,MODERATE,strong_protection,5
66.05154385788647,57.80065645219508,46.92610015504077,50.0,2.041666666666667,1142.3263726459943,0.4167978071056766,46.236746386965514,0.034702105129556585,moderate,0.64,MODERATE,strong_protection,6
66.39851751475746,62.04283275955616,49.2206751371568,50.0,2.166666666666667,1141.1477109617435,0.3975741242621269,56.841832243482095,0.03469500689183401,moderate,0.64,MODERATE,strong_protection,7
67.79881052498865,59.853168778655345,48.825989651822,50.0,2.066666666666667,1137.8879563328135,0.32905947375056677,51.365990199663905,0.034661365060510936,moderate,0.64,MODERATE,strong_protection,8
67.42495329289532,60.54525910895849,48.98510620092691,50.0,1.8916666666666673,1138.655797489932,0.35037733535523374,53.09690639459683,0.03467517244401193,moderate,0.64,MODERATE,strong_protection,9
67.82670459114162,59.672158704194985,48.7494316476683,50.0,2.1916666666666673,1132.435481941338,0.3257897704429189,50.909585345112994,0.0345837716925107,moderate,0.64,MODERATE,strong_protection,10
68.39494822698092,59.93460198827705,49.164775107628984,50.0,1.9333333333333333,1139.6518943606727,0.3012525886509545,51.570010319975815,0.03467010698566328,moderate,0.64,MODERATE,strong_protection,11
67.61874415867568,57.34469038331037,47.48171727099303,50.0,2.183333333333333,1114.5391854305105,0.33631279206621567,45.0816013412181,0.03439750765884333,moderate,0.64,MODERATE,strong_protection,12
66.19757517504505,58.86555663003704,47.53156590254105,50.0,2.1000000000000005,1151.9080823198756,0.4086212412477477,48.90452626674027,0.03481269383295323,moderate,0.64,MODERATE,strong_protection,13
66.96643328255581,60.141610768303835,48.55402202542982,50.0,1.8416666666666668,1130.618163212227,0.37405333587220935,52.08313963985983,0.03458225438200465,moderate,0.64,MODERATE,strong_protection,14
67.45514896802366,58.259626252925564,47.85738761047462,50.0,1.966666666666667,1179.7527082246033,0.34774255159881684,47.40602493717397,0.035139186097201194,moderate,0.64,MODERATE,strong_protection,15
67.34220052426214,59.08677837763898,48.21448945095056,50.0,2.1500000000000004,1116.508334951339,0.3506399737868928,49.43727254174289,0.03440653195290899,moderate,0.64,MODERATE,strong_protection,16
66.59840286853287,57.89975452588952,47.249078697211196,50.0,1.8916666666666673,1113.1218136313496,0.39170485657335674,46.46840104414227,0.03438029458836936,moderate,0.64,MODERATE,strong_protection,17
67.8601750807635,59.08345012813449,48.47181260444899,50.0,2.1083333333333334,1146.7825585630835,0.32536624596182495,49.446984905202015,0.0347671916973161,moderate,0.64,MODERATE,strong_protection,18
66.9487861427992,60.448168946367645,48.69847754458342,50.0,1.7833333333333332,1096.3697255870738,0.3758106928600402,52.829760539369616,0.03418676346901058,moderate,0.64,MODERATE,strong_protection,19
68.24851775784272,58.573477423950784,48.410997590896756,50.0,1.8916666666666668,1137.7380665982225,0.30919911210786455,48.16616215446266,0.03464937189171411,moderate,0.64,MODERATE,strong_protection,20
68.56707359154505,61.47222736388741,50.019650477716226,50.0,1.9166666666666665,1172.5308455023833,0.29289632042274705,55.433225222265136,0.03505313625093227,moderate,0.64,MODERATE,strong_protection,21
67.77713144458721,57.47868392932948,47.627907686958345,50.0,2.141666666666667,1151.1705517458058,0.3290184277706396,45.437812370121314,0.03482205093595271,moderate,0.64,MODERATE,strong_protection,22
67.20926094957449,58.57538223939548,47.89232159448498,50.0,2.2000000000000006,1130.3763295849255,0.35653695252127626,48.16612838964238,0.03455345582307394,moderate,0.64,MODERATE,strong_protection,23
69.28060095655198,60.995354481698996,50.13797771912549,50.0,1.975,1134.8166699799472,0.25634495217240083,54.21911109593213,0.03461449783369334,moderate,0.64,MODERATE,strong_protection,24
67.97715175118304,57.96333235706781,47.97024205412543,50.0,2.0083333333333337,1110.0672228478034,0.3210174124408478,46.625791556160834,0.03434921326982605,moderate,0.64,MODERATE,strong_protection,25
68.94466784002398,56.51225816697322,47.728463003498604,50.0,2.3000000000000007,1126.7637936758024,0.2682666079988012,43.006989483046084,0.034526881312260824,moderate,0.64,MODERATE,strong_protection,26
68.33038683529448,64.7367498164758,51.53356832588514,50.0,2.041666666666666,1149.7415343506325,0.3028556582352766,63.58113167745272,0.03478514272526477,moderate,0.64,MODERATE,strong_protection,27
67.57375491649782,59.838186085657725,48.70597050107777,50.0,1.9000000000000004,1109.4937129120049,0.3428122541751091,51.312295704735064,0.03433660981181563,moderate,0.64,MODERATE,strong_protection,28
68.08968930033531,58.10401383976537,48.09685157005034,50.0,2.1333333333333337,1136.1486542137532,0.31351553498323437,46.991943107031744,0.03463817015236602,moderate,0.64,MODERATE,strong_protection,29
82.05352529047377,83.63949105415693,67.84650817231535,80.0,1.0000000000000002,665.8655464359665,0.38232373547631116,80.50165527725865,0.028058552837326476,moderate,0.8700000000000001,MODERATE,maximum_protection,0
82.36277730385852,84.40426977007938,68.38352353696895,80.0,0.8,663.1685494170821,0.3698611348070737,82.41124365596903,0.028011384615411455,moderate,0.8700000000000001,MODERATE,maximum_protection,1
81.88791517103112,84.38109658754901,68.13450587929006,80.0,0.9166666666666666,682.9528388200131,0.3918542414484436,82.37055889827656,0.0283563485880813,moderate,0.8700000000000001,MODERATE,maximum_protection,2
81.49008926893687,82.86632470951093,67.1782069892239,80.0,0.8916666666666666,649.3784538504748,0.41212053655315684,78.55287376755486,0.02774123987555088,moderate,0.8700000000000001,MODERATE,maximum_protection,3
82.93916606738117,84.51592948406545,68.72754777572331,80.0,0.8666666666666666,667.2631241493245,0.3400416966309412,82.69454930503043,0.02809451189733608,moderate,0.8700000000000001,MODERATE,maximum_protection,4
82.84362337336734,82.38325244487632,67.61343790912183,80.0,0.8416666666666666,634.0172210956426,0.3451938313316334,77.33164618288349,0.027470301413854054,moderate,0.8700000000000001,MODERATE,maximum_protection,5
82.37114464196524,81.52988100809566,66.95051282503044,80.0,0.675,661.9402736304553,0.3713177679017374,75.2243273823923,0.027992497243063783,moderate,0.8700000000000001,MODERATE,maximum_protection,6
82.76527078280547,84.02931097091583,68.39729087686065,80.0,1.0,681.7891288654297,0.34673646085972654,81.49067316881471,0.028347914830502852,moderate,0.8700000000000001,MODERATE,maximum_protection,7
82.84103928409931,82.60122124837585,67.72113026623758,80.0,0.8916666666666666,667.3598549658037,0.3445730357950345,77.90728320298356,0.028084601640878885,moderate,0.8700000000000001,MODERATE,maximum_protection,8
82.89129596753705,82.41984726858094,67.65557161805899,80.0,0.8833333333333334,659.884986419429,0.3421852016231477,77.44709892138061,0.027949614998565474,moderate,0.8700000000000001,MODERATE,maximum_protection,9
82.68975980323802,85.34011010202056,69.01493495262929,82.0,0.7916666666666665,633.0213680625669,0.4036370098380986,82.72225539214756,0.027439602741924005,moderate,0.8700000000000001,MODERATE,maximum_protection,10
82.01147986939277,85.58739046782435,68.79943516860857,80.0,0.8583333333333334,647.7748143883985,0.3865510065303617,85.35425974965403,0.027715671601863893,moderate,0.8700000000000001,MODERATE,maximum_protection,11
83.1990991402802,85.12553326874712,69.16231620451366,80.0,0.8666666666666666,708.9973712998436,0.3270450429859899,84.25444447047224,0.028812225972089003,moderate,0.8700000000000001,MODERATE,maximum_protection,12
82.72678859671133,85.67308208860379,69.19993534265757,80.0,0.9333333333333335,632.0651634283391,0.3496605701644333,85.55445848446507,0.027435065259112212,moderate,0.8700000000000001,MODERATE,maximum_protection,13
82.66109797701631,85.17455394407718,68.91782596054674,80.0,0.7749999999999999,683.6704184718031,0.35532010114918466,84.3546248648867,0.02836480009387612,moderate,0.8700000000000001,MODERATE,maximum_protection,14
82.47384222720495,83.27867976036445,67.87626099378471,80.0,0.9249999999999999,635.219883691933,0.36243288863975187,79.57065834625492,0.02747917890687639,moderate,0.8700000000000001,MODERATE,maximum_protection,15
82.37734948076734,83.74733514421219,68.06234231248976,80.0,0.9333333333333335,657.4651399782064,0.3671325259616329,80.76320636595054,0.027897370108402167,moderate,0.8700000000000001,MODERATE,maximum_protection,16
83.15088357259212,83.83971071632072,68.49529714445643,80.0,0.6833333333333332,638.6634005173031,0.332205821370394,80.97740939871395,0.027562652158242818,moderate,0.8700000000000001,MODERATE,maximum_protection,17
82.51036874563965,83.25591152544584,67.88314013554275,80.0,0.9500000000000002,648.5240031678868,0.3602315627180177,79.52618371783392,0.027728098084386824,moderate,0.8700000000000001,MODERATE,maximum_protection,18
82.83650010057497,84.53995784974477,68.68822897515986,80.0,0.8916666666666665,587.789109764154,0.34479999497125147,82.67830211252786,0.02656814976331898,moderate,0.8700000000000001,MODERATE,maximum_protection,19
82.87409661664016,83.87720462242514,68.37565061953265,80.0,1.0000000000000002,684.910375948423,0.3412951691679924,81.11338721466457,0.028407513172034958,moderate,0.8700000000000001,MODERATE,maximum_protection,20
82.68757569108499,83.89723565399524,68.29240567254011,80.0,0.8666666666666666,651.692959502067,0.3526212154457504,81.13285901518995,0.027795397604038152,moderate,0.8700000000000001,MODERATE,maximum_protection,21
83.87557241528917,83.92162535073604,68.8985988830126,80.0,0.8749999999999999,665.9705748275202,0.29309637923554166,81.20769955817578,0.028072723626713984,moderate,0.8700000000000001,MODERATE,maximum_protection,22
82.77582115229112,84.3960692406335,68.5859451964623,80.0,0.7750000000000001,713.2279679510197,0.3495839423854443,82.43506882048031,0.028897914377931936,moderate,0.8700000000000001,MODERATE,maximum_protection,23
81.3049412712436,83.15812051458893,67.23153089291627,80.0,0.8583333333333334,615.4869926612024,0.4218779364378198,79.25038338640891,0.027101641998732537,moderate,0.8700000000000001,MODERATE,maximum_protection,24
82.28382416007231,85.42008402039394,68.85195409023314,80.0,0.8749999999999999,683.6082129570932,0.37268379199638413,84.96874016446799,0.02837060226966369,moderate,0.8700000000000001,MODERATE,maximum_protection,25
81.49064205233621,84.78034454534608,68.13549329884114,80.0,0.9416666666666667,685.9944985552629,0.41134289738318963,83.37174948789658,0.028417762490627958,moderate,0.8700000000000001,MODERATE,maximum_protection,26
83.6517386478297,83.87638348598216,68.76406106690592,80.0,0.8916666666666666,661.3873935144004,0.30403806760851504,81.08967037759362,0.027974233252764914,moderate,0.8700000000000001,MODERATE,maximum_protection,27
82.9123909774901,84.86456316746663,68.88847707247837,80.0,0.8166666666666665,630.7319183062434,0.34213045112549456,83.53134233046487,0.027398688235966907,moderate,0.8700000000000001,MODERATE,maximum_protection,28
82.45612983596894,83.53544484608892,67.99578734102893,80.0,0.9500000000000002,664.5834916824003,0.3629435082015533,80.23989781090022,0.028025713913558414,moderate,0.8700000000000001,MODERATE,maximum_protection,29
48.975,19.01752800160684,18.99626400080342,0.0,3.4166666666666665,3463.118502306321,0.0,0.0,0.04912359991965782,high,0.0,HIGH,no_protection,0
48.965,19.027747238369365,18.99637361918468,0.0,3.4499999999999997,3330.991755282349,0.0,0.0,0.04861263808153187,high,0.0,HIGH,no_protection,1
48.9825,19.041994017306475,19.01224700865324,0.0,3.391666666666667,3175.0538197258797,0.0,0.0,0.047900299134676444,high,0.0,HIGH,no_protection,2
48.9525,19.011713727745246,18.982106863872623,0.0,3.4916666666666667,3545.521287742249,0.0,0.0,0.0494143136127377,high,0.0,HIGH,no_protection,3
49.067499999999995,19.01006248072543,19.03878124036271,0.0,3.108333333333334,3562.8403499828437,0.0,0.0,0.049496875963728565,high,0.0,HIGH,no_protection,4
49.099999999999994,19.019904823538198,19.059952411769096,0.0,3.0000000000000004,3438.61561711638,0.0,0.0,0.04900475882309015,high,0.0,HIGH,no_protection,5
48.985,18.99627460004276,18.990637300021376,0.0,3.383333333333334,3746.2641551760903,0.0,0.0,0.05018626999786216,high,0.0,HIGH,no_protection,6
49.03,19.020332375884696,19.025166187942347,0.0,3.233333333333334,3437.42617200207,0.0,0.0,0.04898338120576513,high,0.0,HIGH,no_protection,7
49.0575,18.995519502721447,19.02650975136072,0.0,3.141666666666667,3759.834348931129,0.0,0.0,0.05022402486392768,high,0.0,HIGH,no_protection,8
49.0025,19.012645431783653,19.007572715891826,0.0,3.325,3535.897557098413,0.0,0.0,0.04936772841081739,high,0.0,HIGH,no_protection,9
49.1075,18.991124737194486,19.049312368597242,0.0,2.9749999999999996,3813.384738335987,0.0,0.0,0.050443763140275794,high,0.0,HIGH,no_protection,10
49.1025,19.014425113064146,19.05846255653207,0.0,2.9916666666666663,3507.410500430039,0.0,0.0,0.0492787443467928,high,0.0,HIGH,no_protection,11
49.0175,19.023456837210283,19.020478418605137,0.0,3.275000000000001,3404.386007213547,0.0,0.0,0.04882715813948579,high,0.0,HIGH,no_protection,12
49.05499999999999,19.019043647853266,19.03702182392663,0.0,3.15,3449.97092557807,0.0,0.0,0.04904781760733676,high,0.0,HIGH,no_protection,13
49.05,19.039482827513147,19.04474141375657,0.0,3.166666666666666,3186.7994885318103,0.0,0.0,0.04802585862434275,high,0.0,HIGH,no_protection,14
49.05,19.016113424318018,19.03305671215901,0.0,3.166666666666667,3491.630327893111,0.0,0.0,0.049194328784099114,high,0.0,HIGH,no_protection,15
49.1125,19.00570347509708,19.059101737548538,0.0,2.9583333333333335,3622.2912672596535,0.0,0.0,0.049714826245146074,high,0.0,HIGH,no_protection,16
49.052499999999995,19.00401449804311,19.02825724902155,0.0,3.1583333333333337,3642.461676033514,0.0,0.0,0.04979927509784449,high,0.0,HIGH,no_protection,17
48.9575,19.014125273870338,18.985812636935172,0.0,3.4749999999999996,3512.0759493070154,0.0,0.0,0.04929373630648315,high,0.0,HIGH,no_protection,18
49.095,19.02964040964558,19.06232020482279,0.0,3.0166666666666666,3318.1285812155784,0.0,0.0,0.04851797951772097,high,0.0,HIGH,no_protection,19
49.0325,19.012545106623605,19.022522553311802,0.0,3.224999999999999,3533.2397693326884,0.0,0.0,0.04937274466881981,high,0.0,HIGH,no_protection,20
49.074999999999996,19.02648389503765,19.050741947518823,0.0,3.0833333333333335,3362.1759769742566,0.0,0.0,0.04867580524811767,high,0.0,HIGH,no_protection,21
49.0025,19.02486503971124,19.01368251985562,0.0,3.325,3384.9892516253904,0.0,0.0,0.048756748014438085,high,0.0,HIGH,no_protection,22
49.042500000000004,19.0125760406317,19.027538020315852,0.0,3.1916666666666664,3537.2068782004703,0.0,0.0,0.04937119796841495,high,0.0,HIGH,no_protection,23
49.07249999999999,18.996616861557435,19.034558430778716,0.0,3.091666666666667,3744.859928677677,0.0,0.0,0.05016915692212834,high,0.0,HIGH,no_protection,24
49.1075,19.005494909564316,19.05649745478216,0.0,2.975,3618.5962665367256,0.0,0.0,0.04972525452178426,high,0.0,HIGH,no_protection,25
48.94,19.06266685814339,19.001333429071693,0.0,3.5333333333333337,2936.9765940863817,0.0,0.0,0.046866657092830534,high,0.0,HIGH,no_protection,26
49.0875,19.003449173074966,19.04547458653748,0.0,3.041666666666667,3654.1035540813227,0.0,0.0,0.04982754134625183,high,0.0,HIGH,no_protection,27
48.8875,19.000353107239466,18.943926553619733,0.0,3.7083333333333335,3701.801371491231,0.0,0.0,0.049982344638026796,high,0.0,HIGH,no_protection,28
49.0475,19.013945217444313,19.030722608722158,0.0,3.1750000000000007,3521.1947259953618,0.0,0.0,0.049302739127784385,high,0.0,HIGH,no_protection,29
54.97492256298627,36.481980307841056,30.72845143541366,20.0,2.941666666666667,2915.0403660436373,0.20712887185068674,23.547063572491,0.04684225605776699,high,0.27,HIGH,weak_protection,0
50.753034575179996,36.39592534058632,28.574479957883156,20.0,2.6750000000000003,3057.1822065339907,0.42222327124100034,23.365799499113066,0.04751972295294598,high,0.27,HIGH,weak_protection,1
53.042003986273784,36.24955017020701,29.6457770782404,20.0,2.7416666666666667,3049.1696016352385,0.3067748006863109,22.99662625621735,0.047455016613996794,high,0.27,HIGH,weak_protection,2
51.484122504834005,33.5275936590624,27.505858081948205,20.0,3.033333333333333,3133.384984659527,0.3802938747583,16.209892885830403,0.047818174763488305,high,0.27,HIGH,weak_protection,3
52.91792007233718,36.173520415384814,29.545720243861,20.0,2.7833333333333337,3004.3368807102397,0.31235399638314054,22.7963483641678,0.04725094651411539,high,0.27,HIGH,weak_protection,4
52.57936358011242,32.29930622493299,27.439334902522702,20.0,2.4,2972.21028323038,0.335031820994379,13.103858286149181,0.04711185447633411,high,0.27,HIGH,weak_protection,5
53.01709570028612,33.77624046034519,28.396668080315656,20.0,3.0166666666666675,2940.2822733376893,0.30389521498569394,16.787966426382674,0.04694730551039431,high,0.27,HIGH,weak_protection,6
53.11725342449211,34.32769306220811,28.72247324335011,20.0,2.5833333333333335,3028.1360727212023,0.3053873287753941,18.186809433802118,0.047351535565636746,high,0.27,HIGH,weak_protection,7
54.78714430159759,36.21552788636015,30.50133609397887,20.0,2.925,3067.8887237617664,0.2167677849201204,22.915646845822003,0.04753654259843262,high,0.27,HIGH,weak_protection,8
52.46087636567923,36.2503768170334,29.355626591356312,20.0,2.841666666666667,2952.6932784500323,0.33433118171603793,22.97639342614515,0.04700902767123329,high,0.27,HIGH,weak_protection,9
51.89267850250347,32.19644062300003,27.04455956275175,20.0,2.4833333333333334,2928.872933640241,0.3681160748748262,12.835905031280179,0.04689606947560218,high,0.27,HIGH,weak_protection,10
52.283858151010534,39.16063946261036,30.72224880681045,20.0,2.7416666666666667,3158.097745709929,0.34468209244947356,30.297325287872173,0.047914532626925285,high,0.27,HIGH,weak_protection,11
50.87767345181943,33.62573474343938,27.251704097629407,20.0,2.5416666666666665,3003.836369789665,0.41799132740902833,16.427363815813642,0.0472605391443038,high,0.27,HIGH,weak_protection,12
54.088990997595594,37.36211795203979,30.72555447481769,20.0,2.6416666666666666,2919.6230566644913,0.25592545012022017,25.747746545493538,0.04684903330788163,high,0.27,HIGH,weak_protection,13
51.09572209247297,32.05852981095191,26.57712595171244,20.0,2.958333333333334,2897.017679382623,0.40083889537635153,12.48307604463407,0.046735030345086165,high,0.27,HIGH,weak_protection,14
55.58668788312533,35.43239901152849,30.509543447326905,20.0,2.5166666666666666,3024.6850631546668,0.18291560584373356,20.947943063163105,0.04733891068683796,high,0.27,HIGH,weak_protection,15
56.38941882949696,34.47156456505003,30.430491697273496,20.0,2.591666666666667,2963.616703598299,0.14165405852515156,18.532727101415706,0.04707631377581294,high,0.27,HIGH,weak_protection,16
51.60151869617523,37.42018470172079,29.510851698948017,20.0,2.4916666666666667,2980.431154307321,0.38254906519123844,25.908006548788855,0.04715089588973762,high,0.27,HIGH,weak_protection,17
54.49966912263009,36.42240696975962,30.461038046194858,20.0,2.591666666666667,2961.7259426685728,0.2361415438684955,23.40777327900271,0.04703511709207347,high,0.27,HIGH,weak_protection,18
52.6638754794912,36.10289679151134,29.38338613550127,20.0,2.666666666666667,2906.890798365107,0.32680622602543985,22.597159370343352,0.0467983478313001,high,0.27,HIGH,weak_protection,19
53.65636412580812,35.30698021281034,29.481672169309228,20.0,2.7583333333333333,2965.3485157082114,0.27580679370959427,20.62037625935858,0.04705851454665492,high,0.27,HIGH,weak_protection,20
53.362507727496045,36.55000165537252,29.95625469143428,20.0,1.7833333333333332,2834.493509625429,0.3051246136251977,23.698817432815243,0.04647626588767891,high,0.27,HIGH,weak_protection,21
51.22653495592756,35.29848442998388,28.262509692955717,20.0,2.866666666666667,2949.277405334026,0.39567325220362215,20.595117910479892,0.04697813671040423,high,0.27,HIGH,weak_protection,22
52.394785582697416,34.912514906383265,28.653650244540344,20.0,2.775,2889.4032888037173,0.33863572086512894,19.616973963199168,0.04671373394482007,high,0.27,HIGH,weak_protection,23
50.81136570033213,32.60454056261031,26.70795313147122,20.0,2.825,3196.7860317061545,0.41705671498339303,13.914577626834307,0.04806452440617055,high,0.27,HIGH,weak_protection,24
52.929420537089825,31.28833970537896,27.108880121234392,20.0,2.6416666666666666,3114.60512610385,0.31390397314550866,10.606703446311707,0.04771708365728644,high,0.27,HIGH,weak_protection,25
53.04174856002046,34.26025290595035,28.65100073298541,20.0,2.3500000000000005,2984.3818944684785,0.31266257199897707,18.008565654340817,0.047158667789298676,high,0.27,HIGH,weak_protection,26
55.01379071757499,37.33846595597724,31.176128336776117,20.0,2.4083333333333337,3127.400910891646,0.2131854641212505,25.735983234216732,0.0477963668854729,high,0.27,HIGH,weak_protection,27
51.31712734209436,35.1357052950939,28.226416318594133,20.0,2.816666666666667,2911.2461116316085,0.39189363289528223,20.181940271237877,0.046853540670062616,high,0.27,HIGH,weak_protection,28
51.615035822040134,33.68032063354141,27.647678227790777,20.0,2.6083333333333334,2909.751820910151,0.38012320889799334,16.54124793192453,0.046808926961419806,high,0.27,HIGH,weak_protection,29
62.87114925339759,52.682031239279496,42.77659024633854,40.0,2.4833333333333334,2065.846133757307,0.3191925373301203,43.821868737276304,0.042335812781551824,high,0.54,HIGH,moderate_protection,0
62.41234021034018,50.76042615834703,41.5863831843436,40.0,2.2,2083.397990070173,0.34638298948299107,39.023250367180836,0.04244369942626558,high,0.54,HIGH,moderate_protection,1
62.632800678918215,51.129542410856246,41.88117154488723,40.0,2.3583333333333334,2005.9613474739567,0.33298496605408934,39.921331818900846,0.04194951583520497,high,0.54,HIGH,moderate_protection,2
61.52695988723349,52.45287689301793,41.98991839012571,40.0,2.500000000000001,2058.6252844937717,0.38615200563832563,43.24620892887873,0.04228033392667834,high,0.54,HIGH,moderate_protection,3
61.90156097888903,50.615476207537995,41.25851859321351,40.0,2.3500000000000005,2138.2908323173824,0.3696719510555486,38.678635937496864,0.042798908373037896,high,0.54,HIGH,moderate_protection,4
61.319509395702724,52.86989199335126,42.09470069452699,40.0,2.3000000000000007,2017.5059589922678,0.399524530214864,44.27654645458644,0.042036329424166304,high,0.54,HIGH,moderate_protection,5
59.97033140706978,49.67650594643483,39.823418676752304,40.0,2.6333333333333333,2029.0844124424395,0.46198342964651085,36.29593757675921,0.04209345421344315,high,0.54,HIGH,moderate_protection,6
62.087883892882154,50.856544266701164,41.472214079791655,40.0,2.466666666666667,2032.9653487264402,0.3586058053558927,39.24778168474892,0.04212842035992056,high,0.54,HIGH,moderate_protection,7
62.063850714414684,52.88586664874383,42.474858681579256,40.0,2.591666666666667,2029.253474016532,0.3579324642792656,44.31971308949577,0.04210092935272398,high,0.54,HIGH,moderate_protection,8
63.02873274212073,52.290831475595866,42.659782108858295,40.0,2.2500000000000004,2065.850355520567,0.31481336289396356,42.844444348757335,0.04234731319535372,high,0.54,HIGH,moderate_protection,9
62.65709751153548,52.355583994372246,42.50634075295386,40.0,2.3833333333333333,2084.2118142420395,0.33139512442322583,43.01114045644068,0.04244360941020177,high,0.54,HIGH,moderate_protection,10
61.74879769101451,53.31318137684745,42.53098953393098,40.0,2.4250000000000003,2131.942676150929,0.3761851154492746,45.420969983474706,0.042760330827121676,high,0.54,HIGH,moderate_protection,11
62.87134891350246,54.66915252158543,43.770250717543945,40.0,2.4083333333333337,2082.479645841885,0.32030755432487745,48.794108855065225,0.042424551022033276,high,0.54,HIGH,moderate_protection,12
60.662161946835226,51.062498470111834,40.86233020847353,40.0,2.4166666666666674,2111.5169635185093,0.4306419026582391,39.78801102931442,0.04263529708069672,high,0.54,HIGH,moderate_protection,13
62.45785174872182,49.509366764703316,40.98360925671257,40.0,2.666666666666667,2083.2729657174227,0.3371074125639091,35.895468946770166,0.042441040700237666,high,0.54,HIGH,moderate_protection,14
61.527972855253054,51.97765005847155,41.752811456862304,40.0,2.3916666666666666,2058.3373825413787,0.38772635723734705,42.05858938597926,0.04228928479600782,high,0.54,HIGH,moderate_protection,15
60.45590158058064,52.16982504505357,41.3128633128171,40.0,2.2916666666666665,2137.477523017955,0.4428299209709683,42.563349852988274,0.04277574480708714,high,0.54,HIGH,moderate_protection,16
62.553428617751244,53.622949545494464,43.08818908162286,40.0,2.125,1991.2277317512633,0.3404535691124375,46.15052806211572,0.04186308396759138,high,0.54,HIGH,moderate_protection,17
61.34300242174213,54.12747156172314,42.735236991732634,40.0,2.4416666666666673,2098.1147916254527,0.3962248789128935,47.446055653919025,0.04254753499222377,high,0.54,HIGH,moderate_protection,18
61.88145559806807,53.97735117336242,42.92940338571525,40.0,2.1166666666666667,2032.7567397744097,0.37417722009659604,47.05003322316673,0.04213310579521404,high,0.54,HIGH,moderate_protection,19
62.55085756301812,54.49166300920149,43.52126028610981,40.0,2.316666666666667,2078.5029676630966,0.3377071218490937,48.35131394554544,0.04244312845083447,high,0.54,HIGH,moderate_protection,20
63.07836214730517,51.523726463897944,42.30104430560156,40.0,2.333333333333333,2089.308920822131,0.3110818926347414,40.93343890871456,0.04248245497939382,high,0.54,HIGH,moderate_protection,21
62.45325311638284,47.984863181659236,40.21905814902104,40.0,2.1,2082.049630940291,0.345837344180858,32.08505141228342,0.042457869162707135,high,0.54,HIGH,moderate_protection,22
62.32193091948786,47.81279595254421,40.06736343601604,40.0,2.5250000000000004,2125.233410634824,0.3460284540256069,31.667816386497723,0.042716530102744704,high,0.54,HIGH,moderate_protection,23
61.42301784498666,51.58480402566231,41.503910935324484,40.0,2.666666666666667,2079.331637825856,0.3888491077506673,41.08248981767429,0.04240959507037085,high,0.54,HIGH,moderate_protection,24
61.07000071184993,51.835179639209464,41.45259017552969,40.0,2.3416666666666663,2039.175371291725,0.41137496440750354,41.69613279308486,0.042163673901224025,high,0.54,HIGH,moderate_protection,25
63.143261296902935,52.33189081173998,42.73757605432146,40.0,2.225,2071.9296382011735,0.3094619351548533,42.94882195384385,0.042381898489878236,high,0.54,HIGH,moderate_protection,26
62.93867463905537,51.11772442472319,42.028199531889285,40.0,2.5000000000000004,2079.744876430269,0.3155662680472313,39.915056008252634,0.04241489892889354,high,0.54,HIGH,moderate_protection,27
64.91577803328988,49.69475460837074,42.30526632083031,40.0,2.258333333333334,2024.5537191530425,0.2203360983355065,36.340358921974634,0.042069448020956024,high,0.54,HIGH,moderate_protection,28
64.29077136360883,50.73072346408124,42.51074741384503,40.0,2.316666666666667,2064.523559803863,0.25071143181955824,38.94390379702218,0.0423419027363822,high,0.54,HIGH,moderate_protection,29
66.65957310907531,62.952842873003476,49.8062079910394,50.0,2.1083333333333334,1725.2609178936002,0.38539634454623406,59.3817388433594,0.03999263321701432,high,0.64,HIGH,strong_protection,0
66.84503747520549,61.82648621550766,49.33576184535657,50.0,1.9583333333333337,1779.6023176000265,0.3783731262397261,56.586141629940045,0.0403985218234185,high,0.64,HIGH,strong_protection,1
68.11470723716995,58.23722150649142,48.17596437183069,50.0,1.9583333333333337,1797.143741552862,0.3148896381415023,47.619734663789096,0.040533617951210875,high,0.64,HIGH,strong_protection,2
68.4210205554882,58.301205322202364,48.36111293884528,50.0,2.2583333333333337,1766.283110209703,0.2950739722255906,47.767935513096255,0.040298444151807056,high,0.64,HIGH,strong_protection,3
66.40242571034659,61.03946094972049,48.72094333003354,50.0,2.066666666666667,1718.4918953235626,0.39887871448267,54.596342512900755,0.039953802771990864,high,0.64,HIGH,strong_protection,4
67.32488784239625,61.29135959188763,49.30812371714194,50.0,1.8083333333333336,1772.7102279944304,0.3566306078801871,55.24641683426093,0.040360357090837316,high,0.64,HIGH,strong_protection,5
68.39099166743154,58.84865404033314,48.61982285388234,50.0,1.8083333333333336,1803.786666546458,0.30332541662842316,49.15183568083794,0.04060401160010181,high,0.64,HIGH,strong_protection,6
67.46844639145618,60.43370176068909,48.951074076072636,50.0,1.8916666666666673,1768.122023268958,0.3482026804271914,53.099882989697235,0.040312571759490455,high,0.64,HIGH,strong_protection,7
66.7906150647503,57.7490074032614,47.26981123400585,50.0,1.916666666666667,1764.8557813672292,0.38171924676248525,46.38810934380393,0.04031181671300876,high,0.64,HIGH,strong_protection,8
65.40506211873905,59.47865516106508,47.441858639902065,50.0,2.1000000000000005,1739.904501570312,0.4482468940630471,50.70249335155991,0.0401171089779446,high,0.64,HIGH,strong_protection,9
66.45953495941845,58.174030599766866,47.31678277959266,50.0,1.9000000000000006,1709.0385250680815,0.39852325202907735,47.429889941226556,0.03989626883618773,high,0.64,HIGH,strong_protection,10
68.00723958818418,57.911096981854385,47.95916828501928,50.0,1.966666666666667,1704.9458176001892,0.32013802059079133,46.76977026690291,0.03984055624533931,high,0.64,HIGH,strong_protection,11
68.69577739425038,58.02806559105243,48.361921492651405,50.0,2.1500000000000004,1685.9702737151122,0.2829611302874808,47.05613359596919,0.03971939236676262,high,0.64,HIGH,strong_protection,12
65.64504952637735,58.415469813209256,47.0302596697933,50.0,2.1333333333333337,1750.7191430713497,0.43574752368113256,48.04827229312256,0.040191955201988365,high,0.64,HIGH,strong_protection,13
67.32845746458383,59.42969879235433,48.37907812846908,50.0,2.016666666666667,1767.5449439314057,0.35332712677080824,50.59000960850521,0.040315252552387944,high,0.64,HIGH,strong_protection,14
66.81945498635403,61.15086644120229,48.98516071377816,50.0,1.9416666666666669,1810.1023080472987,0.37990225068229844,54.9083029723742,0.04062273738736932,high,0.64,HIGH,strong_protection,15
66.04179680166263,61.44761753470665,48.74470716818464,50.0,1.8916666666666668,1718.361816758281,0.41953515991686885,55.61736955629034,0.0399665143904744,high,0.64,HIGH,strong_protection,16
67.45587171753164,61.23912988741485,49.347500802473235,50.0,2.0000000000000004,1798.5736928428005,0.3472064141234179,55.125787195672146,0.04055924954270099,high,0.64,HIGH,strong_protection,17
68.12273402678439,64.75526966982301,51.43900184830369,50.0,1.7333333333333332,1721.1842365016644,0.317863298660781,63.8877473663402,0.0399914638356538,high,0.64,HIGH,strong_protection,18
66.93349132793888,62.11805061560986,49.525770971774364,50.0,1.966666666666667,1710.2004185280364,0.37382543360305553,57.28992630998919,0.039895995419290925,high,0.64,HIGH,strong_protection,19
66.16305352200045,58.66028888778466,47.411671204892556,50.0,2.033333333333333,1696.5810975953964,0.4113473238999772,48.64070945688417,0.03979974474845058,high,0.64,HIGH,strong_protection,20
66.51720350331551,57.726112077807414,47.121657790561464,50.0,1.9083333333333334,1721.7883806121808,0.3955148248342246,46.31448615855239,0.03998411928067742,high,0.64,HIGH,strong_protection,21
67.11125710622095,61.86227072143484,49.4867639138279,50.0,2.075,1680.0885645524022,0.36331214468895245,56.637646998907066,0.039639403906399265,high,0.64,HIGH,strong_protection,22
67.67885567333325,57.32915757044803,47.50400662189064,50.0,1.9250000000000003,1825.3080447777936,0.3371822163333378,45.35980681445746,0.04073825776674788,high,0.64,HIGH,strong_protection,23
67.29742090121745,56.91758677271669,47.10750383696707,50.0,2.066666666666667,1735.880556909582,0.3541289549391273,44.29893476656649,0.04009935669549516,high,0.64,HIGH,strong_protection,24
68.26347115057644,60.92565428977522,49.59456272017583,50.0,1.9250000000000003,1738.5516896396969,0.3079514424711782,54.319807756458395,0.040113440640407325,high,0.64,HIGH,strong_protection,25
67.39346113038981,57.50867249684552,47.451066813617665,50.0,2.1750000000000003,1719.1410052869812,0.3477019434805093,45.769584651185255,0.039958068181429135,high,0.64,HIGH,strong_protection,26
69.00315112679492,59.6065266147459,49.30483887077041,50.0,1.7333333333333336,1718.2660668730155,0.27384244366025445,51.01434212676045,0.03996051179791406,high,0.64,HIGH,strong_protection,27
67.73225025490918,61.48024898652439,49.60624962071678,50.0,1.8583333333333336,1733.2909072312393,0.3355124872545412,55.703531758646996,0.040058185846720544,high,0.64,HIGH,strong_protection,28
67.91175882271776,59.26829329124207,48.59002605697991,50.0,1.8000000000000003,1711.7869122152651,0.3274120588641116,50.16553563086566,0.039896048055210215,high,0.64,HIGH,strong_protection,29
82.12382692775256,83.52237505142105,67.8231009895868,80.0,0.7166666666666666,935.4937490535712,0.3830586536123719,80.41676952751511,0.032216637979250964,high,0.8700000000000001,HIGH,maximum_protection,0
81.74718628033239,82.88226082754768,67.31472355394004,80.0,0.8750000000000001,914.9657370677462,0.39951568598338083,78.80161367052418,0.0319192320330998,high,0.8700000000000001,HIGH,maximum_protection,1
82.22131489865538,84.0042620534669,68.11278847606114,80.0,0.8249999999999998,961.9130703759904,0.37655925506723076,81.63845812013643,0.032556059729384156,high,0.8700000000000001,HIGH,maximum_protection,2
83.2169296443585,84.34929785704193,68.78311375070021,80.0,0.7250000000000001,971.4619853295504,0.32827851778207506,82.50785056557446,0.032692118459392766,high,0.8700000000000001,HIGH,maximum_protection,3
82.32400884220125,83.46244115007575,67.8932249961385,80.0,0.8666666666666666,905.1997323709587,0.370799557889937,80.24635401749998,0.03180502284621265,high,0.8700000000000001,HIGH,maximum_protection,4
83.74255515200379,83.49405328186332,68.61830421693355,80.0,0.9166666666666666,932.3054330503447,0.29912224239981033,80.34357200225462,0.032168775951926874,high,0.8700000000000001,HIGH,maximum_protection,5
82.0953972798141,85.34392799105154,68.71966263543283,80.0,0.9666666666666666,985.3010017929709,0.3807301360092952,85.00244360309671,0.032852472509357265,high,0.8700000000000001,HIGH,maximum_protection,6
82.74705121462057,82.42686419252284,67.5869577035717,80.0,0.7666666666666667,1014.4483032952971,0.35114743926897174,77.72868771834885,0.03323054474083523,high,0.8700000000000001,HIGH,maximum_protection,7
81.26500072822562,82.8978178567261,67.08140929247585,80.0,0.9666666666666667,980.4880591461347,0.4222499635887189,78.88425387080872,0.03279418457986935,high,0.8700000000000001,HIGH,maximum_protection,8
82.48374312624337,87.1950212056057,69.83938216592453,80.0,0.7416666666666666,950.1408428774795,0.364687843687832,89.60769022530036,0.03240274422572286,high,0.8700000000000001,HIGH,maximum_protection,9
84.02141957159473,84.026855143609,69.02413735760186,80.0,0.7833333333333333,946.3909169687728,0.2871790214202634,81.68482789162951,0.03235380065214081,high,0.8700000000000001,HIGH,maximum_protection,10
83.24950413248705,85.09922275998377,69.17436344623542,80.0,0.8583333333333332,911.3042155882781,0.32464979337564825,84.3420545273284,0.03187995254737961,high,0.8700000000000001,HIGH,maximum_protection,11
81.9689231153705,83.58546639965572,67.77719475751312,80.0,0.6833333333333332,1014.5349870844891,0.39130384423147535,80.62546489008304,0.033235977818875176,high,0.8700000000000001,HIGH,maximum_protection,12
81.93439165413352,83.59170020670643,67.76304593041998,80.0,0.8,968.3682706627488,0.39128041729332375,80.61123299138399,0.032639649492358216,high,0.8700000000000001,HIGH,maximum_protection,13
81.79899866594579,82.14990999827288,66.97445433210933,80.0,0.7500000000000001,906.3805701690228,0.3988000667027105,76.9658175391987,0.03182085087033068,high,0.8700000000000001,HIGH,maximum_protection,14
82.67369981059483,85.92817961657815,69.30093971358649,80.0,0.7166666666666667,949.7237925835956,0.35556500947025893,86.44086354884652,0.03240829014802345,high,0.8700000000000001,HIGH,maximum_protection,15
82.90800489487764,85.9714922464217,69.43974857064967,80.0,0.7916666666666665,948.9678629084191,0.3427247552561179,86.5479959692123,0.03238530706316076,high,0.8700000000000001,HIGH,maximum_protection,16
83.87408776446026,85.46402387909042,69.66905582177534,80.0,0.8583333333333335,990.8163288500575,0.29342061177698775,85.30703121859075,0.03293943041729463,high,0.8700000000000001,HIGH,maximum_protection,17
82.36804341629565,82.94813090106209,67.65808715867887,80.0,0.7583333333333333,922.0300876673709,0.37022282918521765,78.97183076695991,0.03203007028609471,high,0.8700000000000001,HIGH,maximum_protection,18
82.91192119116145,86.13972337617349,69.52582228366748,80.0,0.7749999999999999,922.2133429207842,0.342778940441927,86.94993776758096,0.03201258654294438,high,0.8700000000000001,HIGH,maximum_protection,19
82.9736465097322,84.3727138840496,68.67318019689091,80.0,0.8083333333333333,929.7314224391547,0.3391926745133893,82.53861608972241,0.03213662759196916,high,0.8700000000000001,HIGH,maximum_protection,20
83.18198641944532,84.43385954969985,68.80792298457258,80.0,0.8500000000000001,887.9210551087072,0.3281506790277344,82.6619301658642,0.031545625832291674,high,0.8700000000000001,HIGH,maximum_protection,21
81.88597031069303,83.37836088807649,67.63216559938476,80.0,0.8833333333333334,910.8896209390567,0.39245148446534883,80.03970968679397,0.03187614933205497,high,0.8700000000000001,HIGH,maximum_protection,22
82.23631533246203,85.70907828731865,68.97269680989034,80.0,0.8,895.1117098128606,0.37618423337689855,85.85546620330359,0.03165540970014009,high,0.8700000000000001,HIGH,maximum_protection,23
83.27214080673728,80.45891645473492,66.8655286307361,80.0,0.975,923.3925645610427,0.32176795966313554,72.75016656630513,0.03205750858935702,high,0.8700000000000001,HIGH,maximum_protection,24
82.71784185672996,86.42605245422632,69.57194715547814,80.0,0.9000000000000001,895.6565433929632,0.35060790716350176,87.64900762942659,0.03167752987721602,high,0.8700000000000001,HIGH,maximum_protection,25
83.45693736244264,82.13492343905983,67.79593040075125,80.0,0.8333333333333334,953.3231173684461,0.3146531318778676,76.95970403904747,0.03244790882795811,high,0.8700000000000001,HIGH,maximum_protection,26
83.57537364629476,82.96698960254582,68.2711816244203,82.0,0.6916666666666667,964.82429705778,0.3608563176852624,77.04764265005053,0.03260337287371969,high,0.8700000000000001,HIGH,maximum_protection,27
82.33779657905939,84.53256713606018,68.43518185755978,80.0,0.8416666666666666,915.30070743664,0.3704851710470307,82.9281017670324,0.0319336785376392,high,0.8700000000000001,HIGH,maximum_protection,28
81.46463206652014,83.68231447039301,67.57347326845658,80.0,0.7666666666666666,962.8301604792547,0.41526839667399296,80.8344961740156,0.03257419996066177,high,0.8700000000000001,HIGH,maximum_protection,29
