social_sustainability,economic_sustainability,overall_sustainability,final_farmers_pct,mean_displacement_rate,land_appreciation_pct,final_gini,production_retention_pct,mean_volatility,regime,protection_index,experiment,policy_scenario,replication,seed
48.9725,19.17402796005144,19.073263980025715,0.0,3.4249999999999994,1920.767588356854,0.0,0.0,0.041298601997428123,moderate,0.0,A_gradient,no_protection,0,754400410
48.989999999999995,19.135696786449518,19.062848393224755,0.0,3.3666666666666663,2221.3383252698845,0.0,0.0,0.04321516067752409,moderate,0.0,A_gradient,no_protection,1,928149750
49.04,19.135253238253917,19.087626619126958,0.0,3.2,2221.132011521544,0.0,0.0,0.0432373380873042,moderate,0.0,A_gradient,no_protection,2,1087152646
48.989999999999995,19.177072783605254,19.083536391802625,0.0,3.3666666666666663,1895.784890677243,0.0,0.0,0.04114636081973729,moderate,0.0,A_gradient,no_protection,3,1533668970
48.9875,19.15449017265269,19.07099508632634,0.0,3.375000000000001,2072.716958928768,0.0,0.0,0.04227549136736567,moderate,0.0,A_gradient,no_protection,4,804325351
48.97,19.17272355034957,19.071361775174786,0.0,3.4333333333333336,1930.703181300337,0.0,0.0,0.04136382248252142,moderate,0.0,A_gradient,no_protection,5,877939593
48.955,19.13200234839769,19.043501174198845,0.0,3.4833333333333343,2251.4057597293254,0.0,0.0,0.043399882580115394,moderate,0.0,A_gradient,no_protection,6,1137351033
49.205,19.16684447913031,19.18592223956516,0.0,2.6500000000000004,1976.263323020897,0.0,0.0,0.04165777604348453,moderate,0.0,A_gradient,no_protection,7,1483724055
49.105,19.148908812123583,19.12695440606179,0.0,2.9833333333333334,2114.8340957322757,0.0,0.0,0.04255455939382092,moderate,0.0,A_gradient,no_protection,8,721111656
48.995,19.135821898456882,19.065410949228436,0.0,3.35,2219.274562479018,0.0,0.0,0.04320890507715593,moderate,0.0,A_gradient,no_protection,9,828245512
48.9,19.172704955649976,19.03635247782499,0.0,3.6666666666666665,1937.1282308834143,0.0,0.0,0.04136475221750123,moderate,0.0,A_gradient,no_protection,10,386152087
49.120000000000005,19.14371778579034,19.131858892895174,0.0,2.933333333333333,2153.6170878702083,0.0,0.0,0.04281411071048307,moderate,0.0,A_gradient,no_protection,11,211909369
49.074999999999996,19.128857593359626,19.101928796679815,0.0,3.0833333333333335,2279.8889412306326,0.0,0.0,0.0435571203320187,moderate,0.0,A_gradient,no_protection,12,2067769353
49.06999999999999,19.16107975701381,19.1155398785069,0.0,3.1000000000000005,2016.2199160013379,0.0,0.0,0.04194601214930976,moderate,0.0,A_gradient,no_protection,13,1620763751
48.989999999999995,19.16341570294163,19.076707851470815,0.0,3.3666666666666663,2004.3413141692754,0.0,0.0,0.04182921485291856,moderate,0.0,A_gradient,no_protection,14,335678954
49.0225,19.149819773291952,19.086159886645973,0.0,3.2583333333333333,2112.2789812800866,0.0,0.0,0.04250901133540246,moderate,0.0,A_gradient,no_protection,15,262619526
49.1075,19.14379719834349,19.125648599171747,0.0,2.975,2154.3010051257697,0.0,0.0,0.042810140082825715,moderate,0.0,A_gradient,no_protection,16,2017039222
48.925,19.155281856037462,19.04014092801873,0.0,3.5833333333333335,2062.65445705097,0.0,0.0,0.04223590719812701,moderate,0.0,A_gradient,no_protection,17,1671225114
48.9875,19.143555780007144,19.065527890003573,0.0,3.3749999999999996,2154.5563794262644,0.0,0.0,0.042822210999642785,moderate,0.0,A_gradient,no_protection,18,285753449
49.037499999999994,19.1427628318893,19.090131415944647,0.0,3.208333333333333,2160.8387282876815,0.0,0.0,0.042861858405535185,moderate,0.0,A_gradient,no_protection,19,179112967
49.074999999999996,19.164139620416794,19.119569810208397,0.0,3.0833333333333335,1989.7149184177333,0.0,0.0,0.04179301897916047,moderate,0.0,A_gradient,no_protection,20,718166616
48.9825,19.161511475413235,19.07200573770662,0.0,3.391666666666667,2020.9713688867719,0.0,0.0,0.04192442622933834,moderate,0.0,A_gradient,no_protection,21,829101624
48.9075,19.156320826462665,19.03191041323133,0.0,3.6416666666666666,2061.6221784554623,0.0,0.0,0.04218395867686688,moderate,0.0,A_gradient,no_protection,22,1190511816
49.015,19.168393821876105,19.091696910938055,0.0,3.283333333333334,1968.02394387789,0.0,0.0,0.041580308906194706,moderate,0.0,A_gradient,no_protection,23,1565558952
49.035,19.17766381902976,19.10633190951488,0.0,3.216666666666667,1897.2177700232946,0.0,0.0,0.04111680904851202,moderate,0.0,A_gradient,no_protection,24,700997927
49.209999999999994,19.145787019988695,19.177893509994348,0.0,2.6333333333333333,2137.125426948299,0.0,0.0,0.04271064900056529,moderate,0.0,A_gradient,no_protection,25,846015817
49.074999999999996,19.16152218506854,19.11826109253427,0.0,3.0833333333333335,2019.070321546504,0.0,0.0,0.04192389074657297,moderate,0.0,A_gradient,no_protection,26,1173618617
48.9875,19.21325963630815,19.100379818154074,0.0,3.3749999999999996,1650.2482917463221,0.0,0.0,0.03933701818459261,moderate,0.0,A_gradient,no_protection,27,1582740439
49.105,19.15277030259602,19.128885151298007,0.0,2.9833333333333334,2079.412728306823,0.0,0.0,0.04236148487019894,moderate,0.0,A_gradient,no_protection,28,750922918
49.16499999999999,19.146416046202717,19.155708023101354,0.0,2.7833333333333337,2128.607190650596,0.0,0.0,0.042679197689864286,moderate,0.0,A_gradient,no_protection,29,929521866
52.06229593189828,39.933808490999496,30.998052211448886,20.0,2.4416666666666664,1865.55733862052,0.36026020340508613,31.88259754965604,0.040961526443146115,moderate,0.27,A_gradient,weak_protection,0,1463266924
51.043302234969,35.32624811602268,28.184775175495844,20.0,2.7333333333333334,1952.0438375455751,0.40683488825155023,20.392934851839577,0.04154629123565736,moderate,0.27,A_gradient,weak_protection,1,1284694532
52.82564409000199,36.048852108441885,29.437248099221932,20.0,3.1083333333333334,1812.9840184536836,0.31209279549990043,22.150445069960963,0.04056629597712527,moderate,0.27,A_gradient,weak_protection,2,990654708
51.171281187466604,35.99860584518585,28.584943516326227,20.0,2.933333333333333,1811.1549068168183,0.3974359406266701,22.024551744433218,0.04056074262937191,moderate,0.27,A_gradient,weak_protection,3,547978396
53.716788173456735,35.428817697602994,29.572802935529864,20.0,2.841666666666667,1915.373695123444,0.2715355913271631,20.6368302787242,0.04129572069433452,moderate,0.27,A_gradient,weak_protection,4,1412535571
54.431394547814136,35.47751659748884,29.954455572651483,20.0,2.525,1808.9870635317052,0.24055527260929344,20.72228028323127,0.040569775790183726,moderate,0.27,A_gradient,weak_protection,5,1335155069
50.358064839975846,34.24247958184173,27.300272210908787,20.0,2.7333333333333334,1924.9119492154737,0.44109675800120773,17.676182411925524,0.04139966914642421,moderate,0.27,A_gradient,weak_protection,6,940182413
48.73760331324911,33.68953161510487,26.21356746417699,20.0,2.8833333333333337,1862.3196461251596,0.5198698343375445,16.270378405382157,0.040930987352399764,moderate,0.27,A_gradient,weak_protection,7,598689763
55.99358017400702,35.34915819380721,30.671369183907117,20.0,2.5083333333333337,1786.6712337181568,0.1626959912996493,20.393040727467437,0.04040290485898844,moderate,0.27,A_gradient,weak_protection,8,1362876562
53.692781849438155,35.67970333107131,29.686242590254736,20.0,2.8916666666666666,1905.5422007335653,0.2719859075280924,21.26146004895061,0.04124403442544698,moderate,0.27,A_gradient,weak_protection,9,1251906814
49.83331222381857,34.576656686941305,27.204984455379936,20.0,2.8333333333333335,1803.1873751512344,0.46583438880907146,18.46673179036681,0.04050180146027128,moderate,0.27,A_gradient,weak_protection,10,1512632471
54.96582362559078,36.16951671088385,30.567670168237314,20.0,2.5833333333333335,1877.3240881937352,0.21295881872046074,22.474255500115863,0.04100927445812511,moderate,0.27,A_gradient,weak_protection,11,1099807993
51.70818534292674,36.63620126585353,29.172193304390134,20.0,2.8833333333333337,1864.0656420397374,0.3713407328536631,23.63610568608829,0.04091205042908909,moderate,0.27,A_gradient,weak_protection,12,907243017
51.96983677761159,35.95997963278314,28.96490820519736,20.0,2.7333333333333334,1802.3113541409336,0.3605081611194203,21.924813916832495,0.04049729669749316,moderate,0.27,A_gradient,weak_protection,13,766911079
52.26738043453895,35.05274522003626,28.660062827287604,20.0,2.3500000000000005,1795.4556886169253,0.3513809782730526,19.654849130174174,0.04045972160167092,moderate,0.27,A_gradient,weak_protection,14,1496239080
52.96583718999462,36.47770045586287,29.72176882292875,20.0,2.7583333333333337,1943.7003084488779,0.31033314050026894,23.268725946413277,0.041489496135121824,moderate,0.27,A_gradient,weak_protection,15,1116440456
52.85335769582092,35.446893098978684,29.150125397399805,20.0,3.2750000000000004,1848.4519781074064,0.3082071152089543,20.658388087857517,0.04082310680821621,moderate,0.27,A_gradient,weak_protection,16,890590584
51.366888025511585,36.39392639081053,28.88040720816106,20.0,2.933333333333333,1933.7734030651197,0.38765559872442124,23.05601235906407,0.041423927640755205,moderate,0.27,A_gradient,weak_protection,17,783292696
52.192259450101545,38.13709622587139,30.164677837986467,20.0,2.9083333333333337,1872.7693502709951,0.3467620274949228,27.39286084447813,0.04100240559599332,moderate,0.27,A_gradient,weak_protection,18,1545897577
51.50081672331918,39.13755446045624,30.319185591887717,20.0,2.2583333333333333,1923.3484976583334,0.3910841638340412,29.91260452696957,0.041374367516579226,moderate,0.27,A_gradient,weak_protection,19,1199688199
52.32876150939011,39.18020772431515,30.754484616852636,20.0,2.975,1840.0879628348143,0.3389369245304945,29.98970256600739,0.040783665104390104,moderate,0.27,A_gradient,weak_protection,20,1742904410
50.95567929369456,38.763963544581,29.85982141913778,20.0,2.8916666666666666,1813.0734240056308,0.40884103531527227,28.937117731380656,0.040544177398563336,moderate,0.27,A_gradient,weak_protection,21,2085081142
51.64756113018448,32.603220819220645,27.12539097470256,20.0,2.891666666666667,1861.9239872166393,0.37424694349077603,13.554000394860067,0.040918966936169164,moderate,0.27,A_gradient,weak_protection,22,198771398
52.25361404452792,36.14901086687644,29.20131245570218,20.0,3.1583333333333337,1790.2988871983287,0.3399442977736036,22.394074641144275,0.0404309494790639,moderate,0.27,A_gradient,weak_protection,23,276582058
51.31640738336796,38.330588828820964,29.823498106094462,20.0,2.8833333333333333,1968.7132342343084,0.39092963083160215,27.909513260352497,0.041660823766002046,moderate,0.27,A_gradient,weak_protection,24,1692706599
51.5947387151304,36.264110799443,28.929424757286696,20.0,3.158333333333333,1993.4931513552372,0.37288806424348,22.751478377521046,0.041824027578270855,moderate,0.27,A_gradient,weak_protection,25,2135026505
51.7900831822232,36.76120462027659,29.275643901249893,20.0,2.4749999999999996,1790.5635873910242,0.37337084088883965,23.924889480899623,0.040437558604163336,moderate,0.27,A_gradient,weak_protection,26,148847033
53.50078453520187,32.99474114931233,28.247762842257103,20.0,2.825,2066.318290443438,0.2825857732399062,14.601618371175535,0.04229530995789401,moderate,0.27,A_gradient,weak_protection,27,326792663
50.600665248809136,36.646955944180036,28.623810596494586,20.0,2.925,1776.2557366742801,0.4260917375595432,23.63186543994352,0.04028951158986863,moderate,0.27,A_gradient,weak_protection,28,1643047592
50.520534997770724,35.70492456934832,28.112729783559523,20.0,2.8000000000000003,1857.4468777638926,0.4319732501114635,21.307759351018333,0.04090895855295058,moderate,0.27,A_gradient,weak_protection,29,2051778248
62.193631134685226,53.83695378256015,43.01529245862269,40.0,2.4833333333333334,1304.054566704036,0.3530684432657385,46.41022680074414,0.03635684688687534,moderate,0.54,A_gradient,moderate_protection,0,1653034608
60.941883825453466,52.12961621949847,41.535750022475966,40.0,2.4833333333333334,1385.3845342515406,0.41565580872732655,42.18140950771678,0.037147379179412396,moderate,0.54,A_gradient,moderate_protection,1,2032271872
61.626002880146814,52.983578176713365,42.30479052843009,40.0,2.516666666666667,1339.6316785970184,0.3809498559926594,44.29402308408167,0.036701552845965234,moderate,0.54,A_gradient,moderate_protection,2,247255280
63.10724292641558,52.48621603271769,42.796729479566636,40.0,2.6166666666666667,1309.6304998986993,0.3053878536792207,43.036010520489434,0.03640940877390429,moderate,0.54,A_gradient,moderate_protection,3,354000032
63.08748837062887,51.05711342171765,42.07230089617326,40.0,2.416666666666667,1365.3807926978698,0.3093755814685568,39.49013570505781,0.03694704301527388,moderate,0.54,A_gradient,moderate_protection,4,1635874065
61.75178784721813,49.907461462130655,40.82962465467439,40.0,2.616666666666667,1325.8715061856192,0.3731606076390932,36.59792398073286,0.036585406508124585,moderate,0.54,A_gradient,moderate_protection,5,2049194367
62.943195601697454,53.12844415874525,43.035819880221354,40.0,2.3916666666666675,1357.5645158560715,0.31696521991512716,44.66590841808819,0.03689596042450141,moderate,0.54,A_gradient,moderate_protection,6,230353807
63.638933571596866,51.69134578862894,42.6651396801129,40.0,1.975,1278.2142274720743,0.28842832142015684,41.03483988268831,0.03612950822231942,moderate,0.54,A_gradient,moderate_protection,7,371173345
62.32881464877796,52.31318618093142,42.32100041485469,40.0,2.2000000000000006,1359.4934710746588,0.35055926756110245,42.62855628782349,0.036911816709899285,moderate,0.54,A_gradient,moderate_protection,8,1686845586
62.47650593314144,51.303046513900014,41.88977622352073,40.0,1.925,1327.068040032097,0.3472997033429279,40.08808007145176,0.03660927573403458,moderate,0.54,A_gradient,moderate_protection,9,2133751038
61.191811327081716,50.52711409394297,40.85946271051235,40.0,2.6833333333333336,1336.020798195566,0.4001594336459142,38.151292836489795,0.036670152032647604,moderate,0.54,A_gradient,moderate_protection,10,1133777358
62.719678373752856,49.68849232491226,41.20408534933256,40.0,2.4250000000000007,1401.9776716501553,0.32764108131235736,36.08695945989119,0.037314572952210856,moderate,0.54,A_gradient,moderate_protection,11,1479630242
63.27299289174536,50.734052325572605,42.00352260865898,40.0,2.275000000000001,1365.0866596923486,0.30222535541273166,38.68363731021568,0.03697012992568371,moderate,0.54,A_gradient,moderate_protection,12,800034642
64.98681890656098,52.3261542264702,43.656486566515596,40.0,2.1666666666666665,1284.5161713348996,0.2181590546719503,42.623894187823716,0.03617017243296446,moderate,0.54,A_gradient,moderate_protection,13,873120574
63.724348254104385,53.09320606169639,43.40877715790039,40.0,2.2500000000000004,1344.162138875328,0.2800325872947811,44.570973379486226,0.03675916450490528,moderate,0.54,A_gradient,moderate_protection,14,1083321011
62.77010150380477,52.334717008084134,42.552409255944454,40.0,2.7083333333333335,1299.1845716991393,0.3208699248097615,42.652572406215306,0.036315597720099624,moderate,0.54,A_gradient,moderate_protection,15,1530357469
62.81188560705934,52.092832252831194,42.45235892994526,40.0,2.3750000000000004,1412.6122462694238,0.32378071964703303,42.10182613186816,0.0373949099958036,moderate,0.54,A_gradient,moderate_protection,16,749319213
63.19244351717152,52.715649435438195,42.95404647630485,40.0,2.2583333333333333,1373.9742486697373,0.30650282414142427,43.64122788458305,0.0370420859197517,moderate,0.54,A_gradient,moderate_protection,17,923596867
60.22303318675863,51.6880243451507,40.95552876595467,40.0,2.4000000000000004,1315.0346063125453,0.4528483406620689,41.04393736093281,0.03647752996112146,moderate,0.54,A_gradient,moderate_protection,18,1167615796
62.1758132909083,50.35605612220465,41.26593470655648,40.0,2.5833333333333335,1325.5057383992003,0.35245933545458463,37.7198501327956,0.03659419654568006,moderate,0.54,A_gradient,moderate_protection,19,1581067100
61.93308078567521,50.76862238078599,41.3508515832306,40.0,2.325,1353.3993565568346,0.3684709607162393,38.763606199098334,0.03684100494266732,moderate,0.54,A_gradient,moderate_protection,20,2120121603
60.58447679454939,51.21606817972159,40.90027248713549,40.0,2.1583333333333337,1336.1676538779493,0.4384011602725304,39.874426809253485,0.03668512719899078,moderate,0.54,A_gradient,moderate_protection,21,1710961005
62.07692581919497,48.750895181482804,40.413910500338886,40.0,2.125,1360.2058461717952,0.3642787090402513,33.72248792454259,0.03690499941671181,moderate,0.54,A_gradient,moderate_protection,22,308667293
64.18013618781022,52.971003406781385,43.5755697972958,40.0,2.333333333333334,1334.2260291722237,0.2559931906094892,44.260544690856,0.036660723478051056,moderate,0.54,A_gradient,moderate_protection,23,163622899
62.504526357180325,51.99848212493805,42.25150424105919,40.0,2.6416666666666666,1374.0102394613345,0.3351486821409837,41.847885655442276,0.037033606861943284,moderate,0.54,A_gradient,moderate_protection,24,2102937212
62.12019360406167,54.54306085556162,43.331627229811644,40.0,2.6250000000000004,1280.302970062322,0.35461531979691663,48.16339942850234,0.03611494579196615,moderate,0.54,A_gradient,moderate_protection,25,1727859220
60.89916957034015,54.84728363056014,42.873226600450145,42.0,2.3416666666666663,1337.1059999898018,0.46991652148299234,46.952131259549304,0.036678443662979204,moderate,0.54,A_gradient,moderate_protection,26,291756260
63.24966789649072,49.69379073453281,41.471729315511766,40.0,2.2000000000000006,1350.1728683449426,0.3045166051754642,36.07477301055661,0.036805923484491944,moderate,0.54,A_gradient,moderate_protection,27,180786316
61.010266455332356,51.933618743321674,41.471942599327015,40.0,2.433333333333334,1327.3090604631245,0.41298667723338256,41.66339923560681,0.03658704754605251,moderate,0.54,A_gradient,moderate_protection,28,2018642941
62.547264817034716,49.351259304341816,40.94926206068827,40.0,2.3000000000000007,1322.7709485043065,0.33813675914826424,35.205311677983644,0.036543268342582216,moderate,0.54,A_gradient,moderate_protection,29,1677150099
67.88577479717443,59.10023053048175,48.49300266382809,50.0,1.9833333333333332,1151.7496393166437,0.3259612601412787,49.4919000624584,0.034826474725080485,moderate,0.64,A_gradient,strong_protection,0,519208052
66.96183369750077,60.635612720043554,48.79872320877216,50.0,1.641666666666667,1153.4955525867097,0.37728331512496127,53.33137529691945,0.03484686993621165,moderate,0.64,A_gradient,strong_protection,1,89600028
66.01634930573823,57.0516266239195,46.53398796482887,50.0,1.916666666666667,1126.6694724939848,0.42043253471308817,44.35588650586686,0.03453639892136227,moderate,0.64,A_gradient,strong_protection,2,1925833452
66.34118973068425,57.588628845804365,46.96490928824431,50.0,2.1500000000000004,1080.0350404789194,0.4006905134657872,45.67104130353133,0.03398938378040842,moderate,0.64,A_gradient,strong_protection,3,1768730244
68.20608792469858,61.831029236548474,50.018558580623534,50.0,2.1500000000000004,1158.1768751258396,0.3074456037650706,56.32077197035249,0.03486397757962611,moderate,0.64,A_gradient,strong_protection,4,502548235
65.79149216447662,57.48048509337595,46.635988628926285,50.0,1.8833333333333333,1113.6322029341165,0.43217539177616926,45.420040030749625,0.034376545946195325,moderate,0.64,A_gradient,strong_protection,5,105974629
66.6082722823833,57.431528876773484,47.01990057957839,50.0,2.216666666666667,1148.1289157729482,0.38633638588083485,45.31665611926326,0.034756678546591105,moderate,0.64,A_gradient,strong_protection,6,1909447061
67.22811206868255,61.88968827428124,49.558900171481895,50.0,1.8250000000000002,1132.8585466149766,0.361219396565873,56.454180832548815,0.03459920293691424,moderate,0.64,A_gradient,strong_protection,7,1785370107
66.4206913132433,59.80777452414883,48.11423291869606,50.0,2.1083333333333334,1107.769506547665,0.39734043433783506,51.235066211678124,0.03431259802612094,moderate,0.64,A_gradient,strong_protection,8,419302026
66.07957639753019,56.987406562025406,46.533491479777794,50.0,2.0500000000000003,1132.78006425911,0.41527118012349096,44.19805374257515,0.03459074675023265,moderate,0.64,A_gradient,strong_protection,9,56313574
68.6952159225798,57.64725985255608,48.17123788756794,50.0,2.458333333333334,1130.0236971984784,0.2783642038710099,45.846997227455205,0.034576951921300204,moderate,0.64,A_gradient,strong_protection,10,1225633043
67.24629796953957,58.48488840153033,47.86559318553495,50.0,1.925,1131.9350280579395,0.3588101015230216,47.9412835196005,0.03458125031549379,moderate,0.64,A_gradient,strong_protection,11,1386799485
66.98135409657458,59.24748074504818,48.11441742081138,50.0,2.3416666666666672,1129.8350268787572,0.365807295171271,49.84697010897981,0.03456536492718738,moderate,0.64,A_gradient,strong_protection,12,624309133
66.6317233009595,60.306984895053375,48.469354098006434,50.0,2.2000000000000006,1073.3275354443138,0.3854138349520253,52.46271567122922,0.03390506867191551,moderate,0.64,A_gradient,strong_protection,13,1049853923
68.06644584210336,63.45204540298472,50.75924562254404,50.0,1.8083333333333336,1148.584572310843,0.3195527078948317,60.36860260985887,0.03476978204794128,moderate,0.64,A_gradient,strong_protection,14,1242273388
67.11948428349538,63.578789667878006,50.34913697568669,50.0,1.5666666666666669,1094.7589491325414,0.37052578582523066,60.655791504544275,0.03417634669698567,moderate,0.64,A_gradient,strong_protection,15,1370413572
68.3483613015961,57.25170352295531,47.800032412275705,50.0,2.1333333333333333,1189.3283670619053,0.30058193492019525,44.88995027721152,0.03521382939646527,moderate,0.64,A_gradient,strong_protection,16,640682228
69.10693333369403,58.467043436326634,48.78698838501033,50.0,2.2500000000000004,1164.9820454730725,0.260903333315299,47.91576336703886,0.034963095524445674,moderate,0.64,A_gradient,strong_protection,17,1033192604
65.3513496679308,56.37662337236807,45.86398652014944,50.0,2.0000000000000004,1145.452476099385,0.4524325166034595,42.67837689775085,0.03473636933661344,moderate,0.64,A_gradient,strong_protection,18,1325521901
65.3048579403346,59.428451308380374,47.36665462435749,50.0,2.0333333333333337,1148.7645940424175,0.45425710298327027,50.30981452938068,0.03477372516859488,moderate,0.64,A_gradient,strong_protection,19,1420072835
66.12957314937877,61.279217473385785,48.70439531138228,50.0,1.916666666666667,1129.8464018366624,0.41477134253106107,54.92620497115737,0.034563225753858125,moderate,0.64,A_gradient,strong_protection,20,1959248350
66.67079783659796,59.997629789657694,48.334213813127825,50.0,1.9916666666666674,1189.9486349826907,0.3865851081701024,51.755280149367756,0.03522411350447062,moderate,0.64,A_gradient,strong_protection,21,1868729778
66.62868896971597,63.61242602652929,50.12055749812262,50.0,1.9833333333333334,1099.2496685366932,0.388815551514202,60.74184994407894,0.03421569755511409,moderate,0.64,A_gradient,strong_protection,22,419192642
67.63292261739637,60.862453232829296,49.24768792511284,50.0,2.058333333333334,1144.6205319857593,0.33747886913018155,53.892574281359515,0.03472882398572578,moderate,0.64,A_gradient,strong_protection,23,56169262
67.77198113938438,56.72472644704468,47.248353793214534,50.0,2.016666666666667,1129.3646334594355,0.33115094303078085,43.54009922276493,0.03456566210306467,moderate,0.64,A_gradient,strong_protection,24,2009201315
66.42556358430463,59.67941487011561,48.05248922721012,50.0,2.1083333333333334,1121.869904542931,0.39709682078476805,50.921491199884315,0.03445908049190604,moderate,0.64,A_gradient,strong_protection,25,1818539725
65.34680727040251,61.432347316779854,48.38957729359118,50.0,2.2083333333333335,1145.4096825878746,0.4495346364798749,55.31756765512761,0.034733987263559286,moderate,0.64,A_gradient,strong_protection,26,469394493
67.31312442137033,64.98419519141272,51.14865980639152,50.0,1.9250000000000003,1145.5266859348956,0.35546877893148343,64.19749370053489,0.03474011444006169,moderate,0.64,A_gradient,strong_protection,27,6236243
67.57099618211575,62.24815700218288,49.90957659214931,50.0,2.075,1118.2282376888477,0.3403251908942122,57.34228354752354,0.034437820841327065,moderate,0.64,A_gradient,strong_protection,28,1925953316
68.0404915678264,57.10985822588623,47.57517489685631,50.0,2.058333333333334,1161.2439096665046,0.31710042160868057,44.519585570734755,0.034898800120383384,moderate,0.64,A_gradient,strong_protection,29,1768880972
83.58505525384547,81.3996386593092,67.49234695657734,80.0,0.7999999999999998,673.6121785289159,0.308747237307726,74.90882157085863,0.02819449845171313,moderate,0.8700000000000001,A_gradient,maximum_protection,0,700916738
82.50422757958354,84.19676112857847,68.35049435408101,80.0,0.9166666666666666,628.9498285915952,0.36103862102082274,81.85983399915567,0.027358623554190754,moderate,0.8700000000000001,A_gradient,maximum_protection,1,845310062
82.11203070852653,82.06196549568199,67.08699810210426,80.0,0.8916666666666665,635.2252589779946,0.38102346457367386,76.52949980414833,0.027491721298868,moderate,0.8700000000000001,A_gradient,maximum_protection,2,1174190750
83.25022370930792,82.07508170758672,67.66265270844733,80.0,0.9833333333333333,690.3331353462438,0.3227388145346044,76.61253353092688,0.028496585239202222,moderate,0.8700000000000001,A_gradient,maximum_protection,3,1582954226
82.10252743977254,83.95593638949927,68.02923191463591,80.0,0.8833333333333334,630.044929372981,0.38162362801137273,81.25939513426063,0.027391083210249537,moderate,0.8700000000000001,A_gradient,maximum_protection,4,717299583
82.64396504578677,86.12294645380088,69.38345574979382,80.0,0.8333333333333334,637.1435888138589,0.3553017477106615,86.68337511197015,0.02752017954935941,moderate,0.8700000000000001,A_gradient,maximum_protection,5,828658449
82.30608344713015,79.0834920190386,65.69478773308438,80.0,0.9416666666666667,646.1093106256641,0.3705708276434925,69.09350625076688,0.027695524063408007,moderate,0.8700000000000001,A_gradient,maximum_protection,6,1190822369
82.90202365232679,83.93673258692705,68.41937811962691,80.0,0.6333333333333332,664.5613491984038,0.34539881738366085,81.2435105122085,0.028033580897818117,moderate,0.8700000000000001,A_gradient,maximum_protection,7,1566559631
82.76730819084987,83.76145204017382,68.26438011551184,80.0,0.7749999999999999,651.4691625317355,0.35000959045750624,80.79324500863507,0.027792298164010222,moderate,0.8700000000000001,A_gradient,maximum_protection,8,801854208
83.08116658737526,83.01900586779715,68.0500862275862,80.0,0.8500000000000001,676.8283927757857,0.3331916706312372,78.96000411719515,0.02824978895404595,moderate,0.8700000000000001,A_gradient,maximum_protection,9,879632016
82.89028974414232,82.03222179338417,67.46125576876324,80.0,0.9416666666666667,657.468938087341,0.3413605127928838,76.4756427870747,0.027901766072285738,moderate,0.8700000000000001,A_gradient,maximum_protection,10,1775574520
83.30170720952495,83.02199463841677,68.16185092397086,80.0,0.8333333333333334,670.1532672669036,0.3224146395237526,78.96189048560258,0.028138077791213325,moderate,0.8700000000000001,A_gradient,maximum_protection,11,1919963544
81.820235936771,85.02500069182514,68.42261831429806,80.0,0.8166666666666668,637.3306345137762,0.3967382031614499,83.9386565046242,0.027523095501227657,moderate,0.8700000000000001,A_gradient,maximum_protection,12,99517288
82.56756813607419,84.68978674463801,68.6286774403561,80.0,1.0000000000000002,666.330441376845,0.3566215931962906,83.12809732729241,0.028072609313947356,moderate,0.8700000000000001,A_gradient,maximum_protection,13,508284680
83.9773748345089,82.96954771027829,68.47346127239359,80.0,1.0000000000000002,702.502064365533,0.28613125827455566,78.85957682227101,0.02871415093150583,moderate,0.8700000000000001,A_gradient,maximum_protection,14,1792222855
82.01062390876345,86.19394353397668,69.10228372137007,80.0,0.7666666666666666,703.8738121343398,0.38796880456182703,86.9213916421908,0.028730656144982387,moderate,0.8700000000000001,A_gradient,maximum_protection,15,1903586025
83.592741856481,85.30133273708971,69.44703729678535,80.0,0.7749999999999999,636.4771718401139,0.3087379071759502,84.62959240884925,0.027525211322500378,moderate,0.8700000000000001,A_gradient,maximum_protection,16,115914777
83.46345567328194,85.63178759320792,69.54762163324493,82.0,0.7333333333333333,664.6327733592084,0.3658272163359033,83.48123673716663,0.02803535508293699,moderate,0.8700000000000001,A_gradient,maximum_protection,17,491648119
83.80578226935599,85.29434635795768,69.55006431365683,82.0,0.9000000000000001,790.6461867665304,0.34621088653220067,82.74256431536122,0.03013396840934081,moderate,0.8700000000000001,A_gradient,maximum_protection,18,1876519686
83.81471633198143,82.95394628039338,68.3843313061874,80.0,1.0000000000000002,628.6725459170923,0.29426418340092875,78.75332722287915,0.027369230437914675,moderate,0.8700000000000001,A_gradient,maximum_protection,19,1954293610
82.05262561877893,82.721666778122,67.38714619845047,80.0,0.9000000000000001,633.4800013875762,0.3838687190610537,78.17682843054554,0.027453229704811608,moderate,0.8700000000000001,A_gradient,maximum_protection,20,1411346743
82.66069667686598,81.82988311177284,67.24528989431941,80.0,0.7500000000000001,668.2658054128968,0.3557151661567013,75.97927792213599,0.028091402854078233,moderate,0.8700000000000001,A_gradient,maximum_protection,21,1337605465
82.31550377316124,82.12192510194127,67.21871443755126,80.0,0.9000000000000001,671.31072684098,0.3707248113419379,76.71218115978003,0.028147368098537365,moderate,0.8700000000000001,A_gradient,maximum_protection,22,941944745
82.58779331608206,83.1881597663342,67.88797654120813,80.0,0.8666666666666666,632.4944490928293,0.35761033419589694,79.34231921237419,0.02743839593077421,moderate,0.8700000000000001,A_gradient,maximum_protection,23,595698631
83.20214123930023,85.53097035512218,69.3665557972112,80.0,0.8250000000000001,626.231514848311,0.3275179380349882,85.19353010464195,0.027322084336730057,moderate,0.8700000000000001,A_gradient,maximum_protection,24,1461275210
84.24698998679,82.11950896173417,68.18324947426208,80.0,0.9083333333333332,641.0475307392581,0.2740255006605006,76.6779636989659,0.02758382589261029,moderate,0.8700000000000001,A_gradient,maximum_protection,25,1287390758
81.90975761458664,81.91163288633268,66.91069525045967,80.0,0.7666666666666667,636.71642135853,0.39301211927066815,76.15462945908625,0.027510944865091622,moderate,0.8700000000000001,A_gradient,maximum_protection,26,992138454
82.5022316966283,82.46541391603208,67.48382280633018,80.0,0.8166666666666668,651.2535183824083,0.36263841516858464,77.55356702023337,0.02780064460306447,moderate,0.8700000000000001,A_gradient,maximum_protection,27,545757370
83.02125056662061,82.11344282671752,67.56734669666906,80.0,0.8583333333333334,689.6636212980294,0.3360624716689695,76.70716672782206,0.028471193220565762,moderate,0.8700000000000001,A_gradient,maximum_protection,28,1376978889
82.13652689038643,84.42874452343978,68.28263570691311,80.0,0.8833333333333334,669.3775235098642,0.3799236554806782,82.47765034577542,0.028115780743520318,moderate,0.8700000000000001,A_gradient,maximum_protection,29,1236683687
